date,code,open,high,low,close,volume,amount,pct_chg,stock_code
2021-01-04,sh.000300,5212.9313,5284.4343,5190.9372,5267.7181,21171138200,452796175554.0,1.082834,000300
2021-01-05,sh.000300,5245.8355,5368.5049,5234.3775,5368.5049,22493115900,498041939761.0,1.913291,000300
2021-01-06,sh.000300,5386.5144,5433.4694,5341.4304,5417.6677,19377344400,444434377137.3,0.915763,000300
2021-01-07,sh.000300,5428.3944,5513.6568,5413.3526,5513.6568,21987208000,473385353695.8,1.771779,000300
2021-01-08,sh.000300,5526.2876,5547.4733,5442.6939,5495.4306,20432495600,473567653978.6,-0.330565,000300
2021-01-11,sh.000300,5504.2358,5555.6916,5412.5046,5441.1583,23183598300,522298482544.3,-0.98759,000300
2021-01-12,sh.000300,5419.4996,5596.3525,5417.6272,5596.3525,22422018600,486233760739.8,2.852227,000300
2021-01-13,sh.000300,5609.2637,5644.7195,5535.1435,5577.9711,26156988600,546959736365.5,-0.328453,000300
2021-01-14,sh.000300,5556.2125,5568.0179,5458.6818,5470.4563,24368338000,501890111879.0,-1.927489,000300
2021-01-15,sh.000300,5471.391,5500.6348,5390.2737,5458.0812,23863743500,475709920372.3,-0.226217,000300
2021-01-18,sh.000300,5438.1618,5541.4613,5410.775,5518.5205,20705186900,422717209153.0,1.107336,000300
2021-01-19,sh.000300,5525.969,5532.4793,5415.7166,5437.5234,21104342500,433205176449.9,-1.467732,000300
2021-01-20,sh.000300,5439.9111,5496.0493,5426.5357,5476.4336,17091326000,373770384496.4,0.715587,000300
2021-01-21,sh.000300,5492.9587,5593.1058,5490.5626,5564.9693,20995019700,453183684478.9,1.616667,000300
2021-01-22,sh.000300,5562.379,5573.6594,5513.8769,5569.776,19930002000,456622193435.6,0.086374,000300
2021-01-25,sh.000300,5564.1237,5655.4795,5543.2663,5625.9232,19704701900,508166980802.0,1.008069,000300
2021-01-26,sh.000300,5600.9017,5600.9017,5505.9962,5512.9678,17190459000,415008069865.0,-2.007766,000300
2021-01-27,sh.000300,5505.7708,5534.9928,5449.6385,5528.0034,16019084100,376892605839.1,0.272732,000300
2021-01-28,sh.000300,5450.3695,5462.2352,5360.3766,5377.1427,17048558500,376166523177.5,-2.729027,000300
2021-01-29,sh.000300,5413.9684,5430.2015,5288.0955,5351.9646,18217878400,390287690019.0,-0.468243,000300
2021-02-01,sh.000300,5356.8535,5422.299,5342.0458,5417.6484,16631370600,346859083730.0,1.227284,000300
2021-02-02,sh.000300,5429.7032,5503.2145,5411.5173,5501.0915,16521056500,380016716111.9,1.540209,000300
2021-02-03,sh.000300,5499.2961,5532.8864,5473.1237,5485.2008,18805431700,404343602637.7,-0.288864,000300
2021-02-04,sh.000300,5453.9764,5510.0535,5411.5749,5473.9475,18057565400,397995205379.9,-0.205157,000300
2021-02-05,sh.000300,5494.7011,5550.7714,5477.6517,5483.414,18969959800,395400134490.0,0.172937,000300
2021-02-08,sh.000300,5506.1423,5576.4908,5479.8529,5564.5618,16403377500,367582771658.8,1.479877,000300
2021-02-09,sh.000300,5584.165,5686.2502,5555.0537,5686.2502,16488726000,378769121171.9,2.186846,000300
2021-02-10,sh.000300,5709.684,5823.4219,5707.3295,5807.7191,17016978600,417056463360.9,2.136186,000300
2021-02-18,sh.000300,5922.0714,5930.9122,5747.6631,5768.3814,21884868600,507481235977.7,-0.677335,000300
2021-02-19,sh.000300,5734.0193,5787.8871,5667.3209,5778.842,21447578000,456433793702.1,0.181344,000300
2021-02-22,sh.000300,5785.5097,5785.5097,5597.3327,5597.3327,28212438200,543633153216.5,-3.140929,000300
2021-02-23,sh.000300,5542.6841,5644.7551,5541.1092,5579.6681,23380772700,424904470814.2,-0.31559,000300
2021-02-24,sh.000300,5591.4795,5598.8284,5379.7278,5437.5683,22542861000,472369211004.2,-2.546743,000300
2021-02-25,sh.000300,5494.4706,5527.6296,5444.1646,5469.5584,23073602800,412206157140.7,0.588316,000300
2021-02-26,sh.000300,5343.9041,5416.3197,5318.8579,5336.7609,21226454300,405717700127.9,-2.427938,000300
2021-03-01,sh.000300,5389.2499,5421.555,5345.9449,5418.7837,17746352300,358146545967.0,1.53694,000300
2021-03-02,sh.000300,5453.2847,5454.9687,5305.0545,5349.6301,19651111500,376444604695.3,-1.276183,000300
2021-03-03,sh.000300,5327.3467,5452.396,5316.4809,5452.2125,19470905400,337610313596.0,1.917561,000300
2021-03-04,sh.000300,5388.4785,5392.3725,5254.7771,5280.7058,21277521100,384382456961.0,-3.145635,000300
2021-03-05,sh.000300,5191.9699,5307.8203,5174.2458,5262.7958,20262795600,352539774294.9,-0.339159,000300
2021-03-08,sh.000300,5299.7907,5326.2602,5079.7984,5080.0246,23023163500,407133802141.7,-3.472892,000300
2021-03-09,sh.000300,5066.1546,5094.311,4917.909,4970.9994,23071100400,414415213806.0,-2.146155,000300
2021-03-10,sh.000300,5047.0589,5055.2785,4981.6161,5003.6121,16992849000,309577408714.9,0.656059,000300
2021-03-11,sh.000300,5024.5586,5138.4146,5020.5784,5128.2156,18960076600,333859199678.6,2.490271,000300
2021-03-12,sh.000300,5153.674,5153.674,5086.8234,5146.3786,20102058900,323237751413.4,0.354178,000300
2021-03-15,sh.000300,5116.1228,5120.8757,4992.3989,5035.5441,20415308400,330740513807.9,-2.153641,000300
2021-03-16,sh.000300,5054.4089,5084.3085,5009.951,5079.3624,16139005400,271755048563.6,0.87018,000300
2021-03-17,sh.000300,5062.7706,5123.5452,5020.1255,5100.8581,14916237600,263492417709.0,0.423197,000300
2021-03-18,sh.000300,5114.5872,5160.4566,5111.1294,5141.7681,14290151800,260930046844.7,0.802022,000300
2021-03-19,sh.000300,5068.5319,5089.9175,4980.7609,5007.0907,16417484900,282974489237.2,-2.619282,000300
2021-03-22,sh.000300,5008.3953,5071.3378,4996.541,5057.152,16740263200,264209098943.0,0.999808,000300
2021-03-23,sh.000300,5057.0632,5064.02,4966.534,5009.2459,15801396700,255755377659.6,-0.947294,000300
2021-03-24,sh.000300,4985.4013,5024.3274,4919.8932,4928.6853,15938598200,265970020152.0,-1.608238,000300
2021-03-25,sh.000300,4904.0683,4950.7608,4883.6615,4926.3469,13294518900,219782049461.7,-0.047445,000300
2021-03-26,sh.000300,4953.9453,5050.8292,4953.9453,5037.9899,14592669700,273901922431.0,2.266243,000300
2021-03-29,sh.000300,5052.2634,5086.6543,5010.3902,5046.8773,14338821500,266176599970.5,0.176408,000300
2021-03-30,sh.000300,5043.0952,5106.0365,5032.795,5094.7291,13861856000,254928014461.3,0.948147,000300
2021-03-31,sh.000300,5085.9497,5085.9497,5015.607,5048.3607,14133574300,241058485554.4,-0.910125,000300
2021-04-01,sh.000300,5059.9359,5115.4286,5056.8718,5110.7768,12032489000,211493324391.1,1.236364,000300
2021-04-02,sh.000300,5129.8545,5169.8312,5116.3472,5161.5569,12700225400,248060376224.1,0.993589,000300
2021-04-06,sh.000300,5178.6401,5181.149,5125.3301,5140.3418,10983421000,213852444065.4,-0.411021,000300
2021-04-07,sh.000300,5141.6556,5141.6556,5065.1932,5103.7428,14576374800,246271190296.5,-0.711995,000300
2021-04-08,sh.000300,5078.2627,5129.1318,5062.0725,5112.2086,14177104700,228422004674.7,0.165874,000300
2021-04-09,sh.000300,5100.0422,5100.0422,5022.0926,5035.3374,12841650900,221519791677.6,-1.503679,000300
2021-04-12,sh.000300,5026.9791,5045.6018,4933.0126,4947.7459,15264431400,267218195772.7,-1.739536,000300
2021-04-13,sh.000300,4949.8074,4994.5404,4924.1979,4939.6438,13291935800,225753230649.0,-0.163753,000300
2021-04-14,sh.000300,4945.6857,4987.1191,4940.2686,4980.6279,12086083800,221036276090.0,0.829697,000300
2021-04-15,sh.000300,4969.9099,4969.9099,4900.3033,4948.9741,10882938400,213820884103.5,-0.635538,000300
2021-04-16,sh.000300,4966.8999,4979.1731,4917.9596,4966.1811,11123992400,213389173713.5,0.347688,000300
2021-04-19,sh.000300,4966.409,5088.2106,4940.7473,5087.0165,15476982400,307899776737.5,2.433165,000300
2021-04-20,sh.000300,5065.7757,5119.8586,5058.9247,5083.3654,13654170000,276640588159.1,-0.071773,000300
2021-04-21,sh.000300,5055.2398,5110.5623,5047.9916,5098.7449,12463727700,242574995256.0,0.302546,000300
2021-04-22,sh.000300,5114.2799,5119.2246,5067.1382,5089.2435,12116764500,241488845756.1,-0.186348,000300
2021-04-23,sh.000300,5088.8263,5149.9825,5086.4914,5135.4534,12205699100,264345183118.9,0.907992,000300
2021-04-26,sh.000300,5156.5941,5181.1066,5072.9585,5077.2372,15138196700,325760384278.3,-1.133614,000300
2021-04-27,sh.000300,5076.6415,5095.9842,5042.6099,5090.5195,12396183700,254738009833.6,0.261605,000300
2021-04-28,sh.000300,5073.9728,5119.4455,5059.2628,5119.2421,12062031800,272182521893.2,0.564237,000300
2021-04-29,sh.000300,5128.2795,5170.5852,5113.6484,5164.1692,14009248000,294112454366.3,0.877612,000300
2021-04-30,sh.000300,5156.3557,5163.2517,5094.9285,5123.489,16012162100,315075102884.9,-0.787739,000300
2021-05-06,sh.000300,5098.8006,5132.8986,5037.4083,5061.1244,15882263000,323258264641.5,-1.217229,000300
2021-05-07,sh.000300,5073.4554,5093.7471,4996.037,4996.0527,17225832100,304638402155.0,-1.285716,000300
2021-05-10,sh.000300,5001.4371,5019.3927,4953.6965,4992.422,17082058500,282656808853.4,-0.072671,000300
2021-05-11,sh.000300,4956.0794,5033.4938,4925.9152,5023.0595,15152649700,270931616512.9,0.61368,000300
2021-05-12,sh.000300,5003.8171,5051.1682,4995.4048,5044.5481,12661908600,228344006493.0,0.427799,000300
2021-05-13,sh.000300,4992.3519,5022.0836,4975.4462,4992.9738,13227940600,237821404345.3,-1.022377,000300
2021-05-14,sh.000300,5007.6286,5112.9838,4981.2948,5110.5901,15942618000,318802786822.9,2.355636,000300
2021-05-17,sh.000300,5115.3063,5206.6947,5115.3063,5184.9853,15388963400,335439913424.1,1.455707,000300
2021-05-18,sh.000300,5190.9345,5201.6721,5156.7924,5187.6013,11840426100,238182265921.9,0.050453,000300
2021-05-19,sh.000300,5173.1666,5193.5574,5151.6392,5172.272,11872998300,250736278155.8,-0.295499,000300
2021-05-20,sh.000300,5167.0546,5201.5935,5152.0358,5186.412,13845477500,277088462047.3,0.273381,000300
2021-05-21,sh.000300,5199.1285,5216.1615,5123.1171,5134.1483,12476848500,268053627530.6,-1.007704,000300
2021-05-24,sh.000300,5138.8149,5155.5875,5092.3894,5155.5875,12674233600,278513133226.0,0.41758,000300
2021-05-25,sh.000300,5165.0361,5324.3609,5161.5238,5318.478,18299683900,404683305641.1,3.159494,000300
2021-05-26,sh.000300,5326.1169,5344.2837,5308.7389,5320.5927,16960709600,346444644792.8,0.039761,000300
2021-05-27,sh.000300,5311.3726,5378.4764,5286.05,5338.2329,14846285500,311893705935.1,0.331546,000300
2021-05-28,sh.000300,5338.7278,5360.2774,5288.6515,5321.0886,16460580600,330711896344.2,-0.321161,000300
2021-05-31,sh.000300,5318.0825,5331.6294,5281.6851,5331.5696,14460326900,321450798233.5,0.196971,000300
2021-06-01,sh.000300,5320.4745,5343.7529,5269.259,5341.6798,14383147400,321845842153.4,0.189629,000300
2021-06-02,sh.000300,5348.344,5352.6404,5266.7852,5289.9736,13775431900,296176177153.5,-0.967976,000300
2021-06-03,sh.000300,5285.7098,5314.3691,5255.0719,5255.2855,14196887800,285448632488.9,-0.655733,000300
2021-06-04,sh.000300,5228.2761,5334.4899,5221.2291,5282.2772,14473208700,292326048775.5,0.513611,000300
2021-06-07,sh.000300,5284.8907,5286.8424,5242.9481,5277.6271,12770497100,280463260583.2,-0.088032,000300
2021-06-08,sh.000300,5276.9711,5319.0406,5201.1404,5232.1165,13055953200,304042218266.2,-0.862331,000300
2021-06-09,sh.000300,5224.9496,5253.3555,5215.3506,5236.4493,12182032100,255075448703.0,0.082812,000300
2021-06-10,sh.000300,5236.4691,5299.5299,5229.5182,5271.4661,13899196700,301454334609.8,0.668713,000300
2021-06-11,sh.000300,5275.7456,5276.1039,5213.5991,5224.703,18080717300,365363494541.8,-0.887099,000300
2021-06-15,sh.000300,5218.5648,5225.5021,5137.409,5166.5597,14288005800,330616618621.5,-1.112854,000300
2021-06-16,sh.000300,5163.2493,5164.5192,5076.0222,5080.4909,12514798500,298286772933.4,-1.665882,000300
2021-06-17,sh.000300,5074.3839,5123.3651,5073.8211,5101.8924,12045251800,281927280723.3,0.421249,000300
2021-06-18,sh.000300,5104.9297,5128.0309,5064.9208,5102.4657,14858580500,356697096115.9,0.011237,000300
2021-06-21,sh.000300,5088.0893,5123.7827,5058.5699,5090.3854,13218451600,331527114639.0,-0.236754,000300
2021-06-22,sh.000300,5106.0743,5125.8186,5086.2776,5122.1583,13041675300,313690367125.4,0.624175,000300
2021-06-23,sh.000300,5127.191,5171.033,5109.7571,5147.3938,13635605800,358765666329.7,0.492673,000300
2021-06-24,sh.000300,5156.5638,5160.4346,5120.5844,5155.9738,12668562500,312607422609.3,0.166686,000300
2021-06-25,sh.000300,5159.8017,5251.6076,5157.4758,5239.9684,15493106100,368265641241.1,1.629073,000300
2021-06-28,sh.000300,5253.6081,5260.6372,5226.2201,5251.7604,13319378300,337452771675.6,0.22504,000300
2021-06-29,sh.000300,5248.5249,5248.5249,5182.6771,5190.5445,12516299700,314896843024.3,-1.165626,000300
2021-06-30,sh.000300,5189.3797,5231.4262,5186.625,5224.041,10375267100,281015504940.5,0.645337,000300
2021-07-01,sh.000300,5241.2039,5252.2642,5190.8762,5229.6642,12724062000,324097400267.5,0.107641,000300
2021-07-02,sh.000300,5186.6613,5186.6613,5074.3621,5081.1172,13042642400,342578961248.3,-2.840469,000300
2021-07-05,sh.000300,5073.7787,5098.2305,5048.004,5085.7924,13121158900,335197786629.8,0.092011,000300
2021-07-06,sh.000300,5089.778,5092.2066,5028.5058,5083.1043,14065522000,362828901848.9,-0.052855,000300
2021-07-07,sh.000300,5052.4204,5152.7711,5045.4056,5140.4899,14854906000,336731403375.7,1.128948,000300
2021-07-08,sh.000300,5149.3095,5151.2171,5078.9295,5088.2566,17390100800,397879869879.7,-1.016115,000300
2021-07-09,sh.000300,5063.148,5081.4086,5006.4115,5069.4361,16065322600,352845583768.9,-0.369881,000300
2021-07-12,sh.000300,5108.3783,5159.4115,5070.3188,5132.7088,20621203900,437203145943.3,1.248121,000300
2021-07-13,sh.000300,5128.6138,5154.0508,5114.943,5142.0991,16648220900,361328491653.3,0.18295,000300
2021-07-14,sh.000300,5130.7522,5130.7522,5075.1252,5083.0849,18835272000,372568110291.6,-1.147667,000300
2021-07-15,sh.000300,5073.2634,5153.8056,5067.6767,5151.4626,18107710300,372484081122.6,1.345201,000300
2021-07-16,sh.000300,5140.904,5140.904,5090.6321,5094.7727,16995598200,362594258079.0,-1.100462,000300
2021-07-19,sh.000300,5083.7276,5120.8235,5047.6234,5113.4945,15319958900,340322623792.1,0.367471,000300
2021-07-20,sh.000300,5080.2158,5114.0033,5067.8619,5108.9941,12930004400,283543130755.2,-0.08801,000300
2021-07-21,sh.000300,5122.7843,5160.5447,5122.3046,5144.0428,16797646900,390275519305.4,0.68602,000300
2021-07-22,sh.000300,5150.3859,5171.2096,5137.8795,5151.7517,18555686400,418221654806.0,0.149861,000300
2021-07-23,sh.000300,5145.4308,5145.4308,5079.9973,5089.2282,21653684700,435521169695.0,-1.213636,000300
2021-07-26,sh.000300,5067.3072,5067.3072,4859.6031,4925.299,22811171000,495153655116.7,-3.221101,000300
2021-07-27,sh.000300,4924.2816,4940.86,4749.0327,4751.313,23663122500,521146117041.1,-3.532496,000300
2021-07-28,sh.000300,4714.2948,4785.6567,4663.9009,4760.4826,19263439300,419706155162.8,0.192991,000300
2021-07-29,sh.000300,4845.7603,4857.9709,4800.0125,4850.2746,17332205400,415676120877.6,1.886195,000300
2021-07-30,sh.000300,4825.7002,4825.7002,4761.0376,4811.1695,18234977600,420943935061.8,-0.806245,000300
2021-08-02,sh.000300,4794.8192,4938.8154,4761.4593,4933.736,22719491800,524659449295.5,2.547541,000300
2021-08-03,sh.000300,4909.2325,4957.0291,4890.8495,4934.4583,20353336000,471194128401.9,0.01464,000300
2021-08-04,sh.000300,4927.7358,4979.2911,4919.6569,4978.8479,17546646100,425801406611.8,0.899584,000300
2021-08-05,sh.000300,4946.1668,4997.1397,4921.9382,4948.6703,16738182900,398772206808.2,-0.606116,000300
2021-08-06,sh.000300,4943.0427,4944.3486,4891.7968,4921.5647,15417968800,371773603785.1,-0.547735,000300
2021-08-09,sh.000300,4890.2573,5002.8944,4884.0392,4985.5627,18243687100,408897062935.4,1.300359,000300
2021-08-10,sh.000300,4977.8164,5043.7608,4941.2399,5043.148,16705190200,410098755610.3,1.155041,000300
2021-08-11,sh.000300,5037.0819,5059.7887,5009.9782,5015.3406,18226607400,373386347207.4,-0.55139,000300
2021-08-12,sh.000300,4998.0733,5016.2628,4962.985,4973.3509,16822373300,361828381964.4,-0.837225,000300
2021-08-13,sh.000300,4958.7577,4993.7432,4921.2812,4945.9829,15831432100,352459069035.5,-0.550293,000300
2021-08-16,sh.000300,4935.9229,4973.3761,4931.3691,4941.0676,16195337300,340735120174.7,-0.09938,000300
2021-08-17,sh.000300,4935.0044,4967.5648,4823.3923,4837.4034,18757347200,388457131504.0,-2.098012,000300
2021-08-18,sh.000300,4838.4706,4909.5409,4818.9013,4894.2384,19747437800,395792165759.8,1.174907,000300
2021-08-19,sh.000300,4886.564,4893.467,4839.5681,4862.1394,20171171900,397424964846.0,-0.655853,000300
2021-08-20,sh.000300,4817.4937,4835.153,4720.8257,4769.2678,17763581000,404938035667.4,-1.910097,000300
2021-08-23,sh.000300,4777.7347,4843.8193,4764.0089,4835.8782,16757909300,389599126282.0,1.396659,000300
2021-08-24,sh.000300,4844.5925,4906.2036,4842.7476,4888.3902,19788316300,417481426158.2,1.085883,000300
2021-08-25,sh.000300,4890.5211,4899.7651,4865.7646,4898.1572,18944801600,371868197458.6,0.1998,000300
2021-08-26,sh.000300,4892.2044,4892.2044,4798.6954,4801.6094,19761738700,368987718505.9,-1.971105,000300
2021-08-27,sh.000300,4794.974,4863.4692,4793.5908,4827.0433,18331021100,368421410281.2,0.529695,000300
2021-08-30,sh.000300,4847.0348,4849.1598,4787.1999,4813.2703,21963575700,477182071719.8,-0.28533,000300
2021-08-31,sh.000300,4803.0854,4821.7564,4740.7524,4805.6099,23511865800,460805653996.0,-0.159152,000300
2021-09-01,sh.000300,4804.6863,4906.4024,4763.2992,4869.4587,32672108000,568819748405.8,1.328631,000300
2021-09-02,sh.000300,4865.8218,4892.7049,4845.6246,4869.4113,26785801300,465954132797.1,-0.000973,000300
2021-09-03,sh.000300,4875.0656,4886.5477,4828.6991,4843.0624,26809189600,466430119699.6,-0.541111,000300
2021-09-06,sh.000300,4841.0623,4944.4497,4837.7859,4933.7262,24050724500,452756275291.9,1.872035,000300
2021-09-07,sh.000300,4932.9759,5005.9606,4915.6119,4992.8294,24417851900,417759639120.9,1.197942,000300
2021-09-08,sh.000300,4986.7953,5013.9764,4955.8876,4972.1324,26461531500,428591077708.1,-0.414534,000300
2021-09-09,sh.000300,4952.4924,4970.147,4929.9501,4970.0133,25653021700,401675689275.8,-0.04262,000300
2021-09-10,sh.000300,4967.9759,5042.7994,4962.3707,5013.5219,28830435200,472762533239.2,0.875422,000300
2021-09-13,sh.000300,5006.7748,5029.7237,4964.9599,4991.6598,24991529800,433329627421.1,-0.436063,000300
2021-09-14,sh.000300,4989.8348,5000.9772,4907.3159,4917.1617,24559040200,417245830782.2,-1.492451,000300
2021-09-15,sh.000300,4903.8471,4903.8471,4843.1158,4867.3187,18798473000,363256653878.3,-1.013654,000300
2021-09-16,sh.000300,4866.7936,4879.5306,4806.1442,4807.6978,21675209900,393517267165.6,-1.224923,000300
2021-09-17,sh.000300,4797.1129,4857.958,4786.0876,4855.9402,20195812700,360397420086.7,1.003441,000300
2021-09-22,sh.000300,4770.7323,4830.8496,4765.2301,4821.7675,19122037600,311952989432.1,-0.70373,000300
2021-09-23,sh.000300,4848.2223,4877.3359,4837.5571,4853.1957,22815106400,362140919563.0,0.651798,000300
2021-09-24,sh.000300,4845.638,4897.0596,4838.5352,4849.4277,20769329000,361849453197.3,-0.07764,000300
2021-09-27,sh.000300,4870.8482,4922.5626,4852.1997,4877.3698,21596703000,426083025417.5,0.576194,000300
2021-09-28,sh.000300,4869.0845,4901.3114,4846.6306,4883.828,17689088000,321272191534.0,0.132412,000300
2021-09-29,sh.000300,4846.0212,4868.0678,4799.877,4833.9281,18817136600,331841767748.9,-1.021737,000300
2021-09-30,sh.000300,4843.9531,4876.0728,4843.9531,4866.3826,14611389600,283254685232.2,0.67139,000300
2021-10-08,sh.000300,4915.7305,4937.0918,4891.6249,4929.9409,16896807700,343635835306.4,1.306069,000300
2021-10-11,sh.000300,4941.2918,4983.7294,4930.7132,4936.1918,16351162400,315186321382.1,0.126795,000300
2021-10-12,sh.000300,4920.6596,4925.4883,4840.77,4883.8369,16807933700,299424238601.1,-1.060633,000300
2021-10-13,sh.000300,4880.144,4953.3749,4869.8307,4940.1089,13114281300,280044666628.4,1.152209,000300
2021-10-14,sh.000300,4934.2575,4953.9231,4903.2498,4913.6123,11955701300,249151666554.2,-0.536357,000300
2021-10-15,sh.000300,4896.5578,4939.8153,4881.0136,4932.1084,14282200100,300728491201.2,0.376426,000300
2021-10-18,sh.000300,4922.5137,4922.5137,4844.9383,4874.7753,14124519900,302539444437.0,-1.162446,000300
2021-10-19,sh.000300,4869.3907,4928.1433,4868.8106,4922.7232,13526649300,282928243806.8,0.983592,000300
2021-10-20,sh.000300,4926.7727,4944.0216,4898.3651,4910.1846,14153318300,279747732455.1,-0.254709,000300
2021-10-21,sh.000300,4914.7378,4946.1764,4893.8525,4928.0156,14889815400,274802962494.9,0.363143,000300
2021-10-22,sh.000300,4934.8698,4989.887,4934.8698,4959.7254,14392622800,289252612199.9,0.64346,000300
2021-10-25,sh.000300,4940.8962,4981.6499,4930.112,4979.5235,14186149000,299408232157.6,0.399177,000300
2021-10-26,sh.000300,4983.2383,5002.5746,4953.4787,4963.0984,14088894300,301786229740.4,-0.329853,000300
2021-10-27,sh.000300,4949.2269,4949.2269,4884.9418,4898.1644,14711159300,299460469414.7,-1.308336,000300
2021-10-28,sh.000300,4882.5858,4898.6576,4846.2779,4864.138,15664947200,316631709566.3,-0.694677,000300
2021-10-29,sh.000300,4861.2667,4908.7701,4855.7593,4908.7701,15988735300,368731987310.2,0.917575,000300
2021-11-01,sh.000300,4878.1276,4908.2056,4858.2485,4890.6851,17158397400,379730767559.0,-0.368422,000300
2021-11-02,sh.000300,4886.1849,4911.2266,4797.899,4839.8457,18543768800,385731879817.5,-1.039515,000300
2021-11-03,sh.000300,4835.8093,4858.7133,4804.3657,4821.1119,14276382000,302269934656.2,-0.387074,000300
2021-11-04,sh.000300,4841.0912,4873.9394,4834.7433,4868.7419,13259297000,308688054573.6,0.987946,000300
2021-11-05,sh.000300,4858.8999,4889.6835,4841.7442,4842.3458,14778935900,312070841453.0,-0.542154,000300
2021-11-08,sh.000300,4841.1527,4866.0822,4827.6892,4848.1795,13739826400,295893824000.4,0.120473,000300
2021-11-09,sh.000300,4858.2525,4870.7905,4818.5386,4846.7444,11837552600,261645065376.2,-0.029601,000300
2021-11-10,sh.000300,4832.8006,4832.8006,4753.9959,4821.1925,13511817900,301058966270.5,-0.527197,000300
2021-11-11,sh.000300,4814.7655,4898.6529,4809.1109,4898.6529,16048486300,323624626069.0,1.606665,000300
2021-11-12,sh.000300,4902.9289,4909.0839,4875.3492,4888.3749,13266296900,271773244503.0,-0.209813,000300
2021-11-15,sh.000300,4894.4119,4906.3301,4863.396,4882.3777,12182314900,272997748910.2,-0.122683,000300
2021-11-16,sh.000300,4880.8964,4915.3717,4876.5004,4883.3206,12725440600,284094590893.0,0.019312,000300
2021-11-17,sh.000300,4883.2481,4891.5232,4864.5198,4885.7544,10845922300,246177916948.6,0.049839,000300
2021-11-18,sh.000300,4871.4216,4871.4216,4830.4123,4837.6185,11448056500,244484713797.1,-0.98523,000300
2021-11-19,sh.000300,4832.0595,4892.8093,4829.5665,4890.0575,12719831200,266280681863.6,1.083984,000300
2021-11-22,sh.000300,4895.3875,4918.9957,4893.2732,4912.399,13809283600,316148811480.0,0.456876,000300
2021-11-23,sh.000300,4905.7587,4927.5211,4896.8781,4913.3457,15430441100,301022146081.1,0.019272,000300
2021-11-24,sh.000300,4914.0266,4935.4885,4899.6112,4916.6579,13715067300,289707337708.6,0.067412,000300
2021-11-25,sh.000300,4917.6055,4921.3333,4891.728,4896.4416,11598403100,255450994352.1,-0.41118,000300
2021-11-26,sh.000300,4886.9516,4886.9516,4850.8114,4860.1265,12036897400,243041335647.2,-0.741663,000300
2021-11-29,sh.000300,4820.0053,4858.5322,4818.7058,4851.423,13362686200,285995221656.8,-0.17908,000300
2021-11-30,sh.000300,4857.183,4871.2528,4810.2192,4832.026,12963059600,279268234018.0,-0.399821,000300
2021-12-01,sh.000300,4831.8885,4844.5242,4823.9254,4843.851,12308678900,255968912362.1,0.244721,000300
2021-12-02,sh.000300,4839.9137,4866.8505,4830.3228,4856.163,14808852100,278051726155.7,0.254178,000300
2021-12-03,sh.000300,4856.9802,4901.0175,4853.3505,4901.0175,14405962600,300052698342.0,0.923661,000300
2021-12-06,sh.000300,4909.4292,4943.9032,4888.6927,4892.6209,17361568300,333405791014.9,-0.171324,000300
2021-12-07,sh.000300,4930.8261,4934.0973,4895.2178,4922.1015,17905346000,340617766237.8,0.602552,000300
2021-12-08,sh.000300,4934.4056,4995.9298,4915.7898,4995.9298,15749055900,329064831238.9,1.499935,000300
2021-12-09,sh.000300,5000.6871,5114.5012,4999.4097,5078.6901,22056877600,425680958779.1,1.656555,000300
2021-12-10,sh.000300,5046.2677,5060.0554,5035.8087,5055.1172,19369515400,356917625379.5,-0.464153,000300
2021-12-13,sh.000300,5090.0207,5143.841,5079.7276,5083.8007,21180159600,426376532477.1,0.567415,000300
2021-12-14,sh.000300,5066.3497,5075.2138,5038.8583,5049.6953,15910779000,318685538073.5,-0.670864,000300
2021-12-15,sh.000300,5036.284,5060.368,5003.7776,5005.8991,15052975200,291072568760.8,-0.867304,000300
2021-12-16,sh.000300,5006.6105,5034.7321,4987.2247,5034.7321,14405386700,291474766866.2,0.57598,000300
2021-12-17,sh.000300,5021.3385,5022.1067,4954.7592,4954.7599,14900539900,297943311186.6,-1.58841,000300
2021-12-20,sh.000300,4934.9662,4971.6727,4872.6846,4880.4178,16967569000,317536919390.0,-1.500418,000300
2021-12-21,sh.000300,4876.5141,4917.7994,4872.9491,4913.4853,14333989800,259023177322.6,0.677555,000300
2021-12-22,sh.000300,4924.5771,4936.6731,4903.1652,4914.4544,13325674000,244642450513.7,0.019723,000300
2021-12-23,sh.000300,4924.2912,4948.7389,4906.7473,4948.7389,13955540600,263359754800.7,0.697626,000300
2021-12-24,sh.000300,4953.0616,4964.9064,4905.9785,4921.3449,14267332300,290483663506.4,-0.553555,000300
2021-12-27,sh.000300,4918.1462,4939.689,4894.1598,4919.3238,12410095200,254421525172.7,-0.041068,000300
2021-12-28,sh.000300,4923.6917,4959.1448,4913.5983,4955.9644,13045775700,276316732181.2,0.74483,000300
2021-12-29,sh.000300,4958.6455,4958.6455,4883.4804,4883.4804,11358700200,273225467112.2,-1.462561,000300
2021-12-30,sh.000300,4882.1561,4940.178,4878.6478,4921.5109,12161717800,268022477311.8,0.778758,000300
2021-12-31,sh.000300,4937.463,4950.3639,4923.1392,4940.3733,12131373700,266975388723.2,0.383264,000300
2022-01-04,sh.000300,4957.9835,4961.4527,4874.5337,4917.7653,15153477600,336516961627.0,-0.457617,000300
2022-01-05,sh.000300,4907.9347,4916.2822,4851.9835,4868.1202,17881610000,363944528847.9,-1.009505,000300
2022-01-06,sh.000300,4842.156,4857.5596,4786.433,4818.2318,15766582600,321750076549.2,-1.024798,000300
2022-01-07,sh.000300,4824.3181,4856.6522,4818.1931,4822.3689,18713941300,332218950735.0,0.085863,000300
2022-01-10,sh.000300,4812.23,4844.3928,4780.8191,4844.0451,15621169600,305033816783.5,0.449493,000300
2022-01-11,sh.000300,4840.0087,4850.879,4791.8854,4797.7735,14692800400,286445756033.7,-0.955226,000300
2022-01-12,sh.000300,4818.8902,4852.7314,4810.919,4845.5787,14320020400,293153042845.2,0.996404,000300
2022-01-13,sh.000300,4853.0314,4853.0632,4765.2416,4765.9191,14251965300,288799117043.3,-1.643965,000300
2022-01-14,sh.000300,4743.9124,4764.0522,4723.9428,4726.7317,14686312600,281828448517.4,-0.822242,000300
2022-01-17,sh.000300,4728.7595,4775.2385,4726.7083,4767.2762,11529569100,263788241676.0,0.85777,000300
2022-01-18,sh.000300,4766.7811,4826.3003,4747.92,4813.3472,15087080200,282749393138.7,0.966401,000300
2022-01-19,sh.000300,4815.8106,4828.7522,4755.9301,4780.3784,13392736000,275534557468.5,-0.684945,000300
2022-01-20,sh.000300,4778.2616,4845.0048,4777.5683,4823.5091,16497131500,304344267970.5,0.902244,000300
2022-01-21,sh.000300,4808.7733,4818.3052,4762.5641,4779.3142,13895258500,274699155293.8,-0.91624,000300
2022-01-24,sh.000300,4753.9413,4801.0976,4746.4479,4786.7377,11446388000,246261594852.9,0.155326,000300
2022-01-25,sh.000300,4761.95,4781.3908,4678.2472,4678.4511,13366758600,250555769168.0,-2.262221,000300
2022-01-26,sh.000300,4697.0991,4718.9946,4648.1283,4712.3109,10707084200,226553448356.8,0.72374,000300
2022-01-27,sh.000300,4708.0989,4708.4364,4616.0273,4619.8765,12126380400,250535654824.4,-1.961551,000300
2022-01-28,sh.000300,4641.8137,4660.519,4559.8331,4563.772,12648011200,263967891828.3,-1.214416,000300
2022-02-07,sh.000300,4638.5754,4672.6535,4615.0052,4634.0899,14484972000,266031793985.3,1.540785,000300
2022-02-08,sh.000300,4626.4365,4626.4365,4522.4709,4608.7729,15583070800,281364873762.5,-0.546321,000300
2022-02-09,sh.000300,4608.1491,4659.4611,4595.2826,4652.0609,14833554700,273771960506.0,0.939252,000300
2022-02-10,sh.000300,4657.2107,4657.2107,4608.0905,4639.8625,15157666600,287224388085.6,-0.262215,000300
2022-02-11,sh.000300,4617.8741,4662.5963,4595.8751,4601.3953,15597458400,307938016714.5,-0.829059,000300
2022-02-14,sh.000300,4579.4202,4593.6324,4530.0566,4551.6878,14367389400,275737553466.7,-1.08027,000300
2022-02-15,sh.000300,4553.8112,4601.453,4550.543,4600.1025,11502560000,249977008675.0,1.063665,000300
2022-02-16,sh.000300,4619.8458,4643.1003,4607.2178,4617.9893,10725895500,210190931035.5,0.388835,000300
2022-02-17,sh.000300,4616.8955,4650.1591,4606.9522,4629.1649,11001464300,227946249306.5,0.242001,000300
2022-02-18,sh.000300,4604.5669,4651.3415,4598.1003,4651.2358,10455022800,195825700477.9,0.476779,000300
2022-02-21,sh.000300,4646.0522,4646.6724,4613.2971,4634.3141,11251651200,215039182297.2,-0.363811,000300
2022-02-22,sh.000300,4601.9184,4602.066,4550.804,4574.1527,12331723700,246872960668.1,-1.298173,000300
2022-02-23,sh.000300,4582.0064,4625.2979,4579.2945,4623.0465,12295291600,259050146194.4,1.068915,000300
2022-02-24,sh.000300,4592.069,4610.8792,4488.4763,4529.3189,18440305800,342346666856.5,-2.027399,000300
2022-02-25,sh.000300,4564.6321,4611.8602,4561.8964,4573.4247,14972258300,271727599672.0,0.973784,000300
2022-02-28,sh.000300,4563.7427,4581.6459,4530.6764,4581.6459,13540697800,248363727482.7,0.17976,000300
2022-03-01,sh.000300,4597.855,4623.4312,4583.917,4619.6862,12313922000,260431185063.7,0.830276,000300
2022-03-02,sh.000300,4594.017,4594.017,4558.4416,4578.6007,11329832500,215299655365.1,-0.889357,000300
2022-03-03,sh.000300,4595.0249,4599.3973,4544.4313,4551.6283,13828587700,242701771996.2,-0.589097,000300
2022-03-04,sh.000300,4513.3636,4539.3925,4481.4927,4496.4301,12726680600,249970282271.0,-1.212713,000300
2022-03-07,sh.000300,4462.5174,4462.5174,4338.3042,4352.7775,16219770600,306898527658.4,-3.194814,000300
2022-03-08,sh.000300,4361.6424,4383.6467,4252.5386,4265.391,16786327700,315176698370.9,-2.007603,000300
2022-03-09,sh.000300,4280.9789,4304.482,4068.193,4226.3463,19423290000,341009391865.7,-0.915384,000300
2022-03-10,sh.000300,4326.2035,4335.6731,4288.5078,4292.8374,14526638300,301636182195.2,1.573253,000300
2022-03-11,sh.000300,4231.1961,4316.044,4176.4522,4306.5217,15239992100,295008832432.0,0.318771,000300
2022-03-14,sh.000300,4248.1526,4280.3609,4174.7577,4174.7577,13018723600,260691659460.8,-3.059639,000300
2022-03-15,sh.000300,4125.4866,4163.4176,3983.812,3983.812,20252469900,346988947367.8,-4.573815,000300
2022-03-16,sh.000300,4053.099,4168.5853,3942.861,4156.081,19602198200,378883588290.3,4.324225,000300
2022-03-17,sh.000300,4237.6722,4302.7426,4217.8038,4237.6956,17940734400,385039197285.7,1.963739,000300
2022-03-18,sh.000300,4218.4736,4283.3679,4194.9402,4265.9017,14945830500,275791291072.6,0.6656,000300
2022-03-21,sh.000300,4280.1397,4287.8166,4223.024,4258.7459,12703636000,251214543321.0,-0.167744,000300
2022-03-22,sh.000300,4252.5658,4283.3344,4236.6888,4255.295,12638247000,226213533984.5,-0.081031,000300
2022-03-23,sh.000300,4269.6088,4287.5771,4241.957,4276.5174,11708907800,226390778403.3,0.498729,000300
2022-03-24,sh.000300,4249.5328,4273.9568,4216.8506,4251.3061,10891827200,219594430540.4,-0.589529,000300
2022-03-25,sh.000300,4249.0731,4254.8449,4173.93,4174.5742,10880804600,217013187264.8,-1.804902,000300
2022-03-28,sh.000300,4128.8379,4174.1206,4091.2978,4148.4663,11844902100,213468973997.5,-0.625403,000300
2022-03-29,sh.000300,4155.4182,4177.2134,4124.7179,4134.1441,10026697200,199463853668.2,-0.345241,000300
2022-03-30,sh.000300,4162.1666,4254.0989,4160.7351,4254.0989,13834602400,268869181171.3,2.901563,000300
2022-03-31,sh.000300,4234.7159,4247.3602,4214.5352,4222.5968,13402918500,238877216805.6,-0.740512,000300
2022-04-01,sh.000300,4198.8191,4290.671,4190.0835,4276.158,13380305300,244758870755.2,1.268442,000300
2022-04-06,sh.000300,4258.8325,4277.5238,4236.7283,4263.8411,15906219500,253690929897.9,-0.288037,000300
2022-04-07,sh.000300,4240.0237,4278.1127,4205.743,4209.0998,13488035300,216996185503.7,-1.283849,000300
2022-04-08,sh.000300,4213.2107,4237.8126,4175.5287,4230.7669,14284379300,229081764759.3,0.514768,000300
2022-04-11,sh.000300,4203.7902,4203.7902,4089.0934,4100.0703,14819707100,265224932471.5,-3.089194,000300
2022-04-12,sh.000300,4102.9711,4179.9727,4075.796,4179.9727,14428568400,252830412756.4,1.948806,000300
2022-04-13,sh.000300,4154.4121,4194.0374,4139.737,4139.737,12509748900,221281029559.7,-0.962583,000300
2022-04-14,sh.000300,4172.6443,4217.0612,4155.5509,4191.5684,12479131600,245993822040.5,1.252046,000300
2022-04-15,sh.000300,4162.3718,4211.3174,4152.974,4188.7472,12476226300,226229740275.2,-0.067307,000300
2022-04-18,sh.000300,4152.9306,4171.7427,4119.9941,4166.3844,11750461000,212855328186.8,-0.533878,000300
2022-04-19,sh.000300,4161.9328,4186.9389,4115.4184,4134.9017,11021747100,208570579128.8,-0.755636,000300
2022-04-20,sh.000300,4130.5427,4136.1661,4060.5044,4070.7889,11733165800,216536635695.2,-1.550528,000300
2022-04-21,sh.000300,4048.7338,4086.4393,3978.3669,3995.83,13278382800,227026679682.4,-1.841385,000300
2022-04-22,sh.000300,3967.2016,4037.084,3953.7217,4013.2498,12210181100,206371766715.6,0.435949,000300
2022-04-25,sh.000300,3933.4459,3958.2102,3814.9127,3814.9127,16836450200,272889272275.2,-4.942057,000300
2022-04-26,sh.000300,3822.4887,3871.8498,3773.8986,3784.1198,15757761100,259626354225.4,-0.807172,000300
2022-04-27,sh.000300,3758.0835,3895.731,3757.0859,3895.5361,17273404600,296924102939.0,2.944312,000300
2022-04-28,sh.000300,3883.4196,3943.4349,3873.5781,3921.1073,15305658600,268502242452.9,0.656423,000300
2022-04-29,sh.000300,3939.6238,4017.4281,3898.5701,4016.241,17945837700,321414877428.2,2.426195,000300
2022-05-05,sh.000300,3995.3533,4039.7,3988.9312,4010.2102,15417071600,290538230662.9,-0.15016,000300
2022-05-06,sh.000300,3928.8548,3947.2378,3902.051,3908.815,12300555100,214825174047.3,-2.528426,000300
2022-05-09,sh.000300,3883.9514,3914.1116,3854.9353,3877.4364,9293669400,171756502863.8,-0.802765,000300
2022-05-10,sh.000300,3820.6278,3932.6823,3808.5699,3919.8684,13641691800,239060211932.9,1.094331,000300
2022-05-11,sh.000300,3917.9322,4033.3026,3916.5249,3976.4231,16563225600,309294912796.8,1.44277,000300
2022-05-12,sh.000300,3949.949,3985.9268,3935.5886,3958.74,11337606600,202029156415.1,-0.444699,000300
2022-05-13,sh.000300,3983.8201,4003.8539,3957.1392,3988.6002,10996835700,195727044922.1,0.754285,000300
2022-05-16,sh.000300,4014.9955,4018.0283,3947.7461,3956.5378,11242529400,199717909541.0,-0.803851,000300
2022-05-17,sh.000300,3961.7605,4005.8934,3955.1018,4005.8934,10966145400,210117539690.9,1.247444,000300
2022-05-18,sh.000300,4015.0134,4017.341,3964.7503,3991.9069,10807423300,201800666052.1,-0.349148,000300
2022-05-19,sh.000300,3938.2964,3999.5984,3933.7452,3999.5984,11629342000,210206681641.5,0.192677,000300
2022-05-20,sh.000300,4020.8162,4077.6016,4020.8162,4077.5998,14706917300,265609089942.6,1.950231,000300
2022-05-23,sh.000300,4080.9694,4080.9694,4029.0846,4053.9823,13047781000,225981540919.1,-0.579201,000300
2022-05-24,sh.000300,4052.8675,4055.783,3959.1541,3959.1541,14555433600,247713039712.6,-2.339137,000300
2022-05-25,sh.000300,3959.7672,3983.6236,3946.8083,3983.1784,10773401500,188700537391.3,0.606804,000300
2022-05-26,sh.000300,3987.6815,4015.7468,3938.2389,3993.0446,12626368900,216987025401.0,0.247697,000300
2022-05-27,sh.000300,4022.7095,4051.1428,3983.3838,4001.2988,11276933700,206944426227.2,0.206714,000300
2022-05-30,sh.000300,4020.8584,4040.819,4003.3768,4029.0179,11115224100,211144721615.5,0.692753,000300
2022-05-31,sh.000300,4031.7621,4096.1971,4020.3781,4091.5176,13541551300,267770088726.0,1.551239,000300
2022-06-01,sh.000300,4086.6177,4094.9008,4058.8468,4083.1772,11485087900,225416237873.3,-0.203846,000300
2022-06-02,sh.000300,4063.9996,4091.152,4057.9135,4089.5682,11389363800,222657537906.0,0.15652,000300
2022-06-06,sh.000300,4090.5286,4166.6151,4063.9057,4166.085,16787101100,324075626903.1,1.871024,000300
2022-06-07,sh.000300,4165.6899,4198.0863,4155.1683,4179.1285,14299288100,285733722332.6,0.313088,000300
2022-06-08,sh.000300,4187.1483,4224.8096,4158.0329,4219.8122,15737405700,319480252836.5,0.973497,000300
2022-06-09,sh.000300,4211.7225,4227.4484,4160.8814,4175.6747,16844915400,285172804211.6,-1.045959,000300
2022-06-10,sh.000300,4145.6505,4241.3541,4140.2203,4238.9936,18479621400,324091440663.3,1.516375,000300
2022-06-13,sh.000300,4194.4574,4218.2327,4156.7146,4189.3527,16847562200,336585670508.0,-1.171054,000300
2022-06-14,sh.000300,4143.2232,4224.0857,4102.929,4222.3114,17138590400,335418557931.6,0.786725,000300
2022-06-15,sh.000300,4228.2926,4348.4226,4228.2926,4278.2178,25704659000,459766820664.8,1.324071,000300
2022-06-16,sh.000300,4282.0827,4302.9212,4241.075,4250.0614,18407441600,337235911542.4,-0.658134,000300
2022-06-17,sh.000300,4219.2339,4318.7655,4218.6817,4309.0444,15864909800,346675726828.8,1.387815,000300
2022-06-20,sh.000300,4322.8324,4368.3555,4297.8912,4330.4328,16566638200,359569296859.8,0.496361,000300
2022-06-21,sh.000300,4327.9159,4357.3396,4287.1406,4325.5657,16466761500,317163317740.3,-0.112393,000300
2022-06-22,sh.000300,4331.902,4333.1827,4269.2456,4270.6227,15856585400,298656263311.3,-1.270192,000300
2022-06-23,sh.000300,4277.9555,4343.8781,4260.9002,4343.8781,17088236000,327144780543.7,1.715333,000300
2022-06-24,sh.000300,4354.553,4400.6852,4346.1221,4394.7723,16897219900,356054750521.5,1.17163,000300
2022-06-27,sh.000300,4414.3321,4472.6948,4414.3321,4444.2639,17738567600,381432966327.9,1.126147,000300
2022-06-28,sh.000300,4442.5811,4497.8949,4407.3519,4490.5166,17475648900,361685970663.6,1.040728,000300
2022-06-29,sh.000300,4472.7346,4503.1307,4413.9961,4421.357,18727668800,395926107698.5,-1.540126,000300
2022-06-30,sh.000300,4418.0656,4514.9968,4418.0656,4485.0108,15666628900,354343886760.3,1.439689,000300
2022-07-01,sh.000300,4489.5204,4500.9853,4449.2914,4466.7179,14477959900,318492130199.6,-0.407867,000300
2022-07-04,sh.000300,4447.2159,4496.0338,4427.8232,4496.0303,14634565100,356968521261.0,0.65624,000300
2022-07-05,sh.000300,4505.4572,4530.3245,4439.4511,4489.5383,15496241500,361891850839.3,-0.144394,000300
2022-07-06,sh.000300,4475.4815,4484.3615,4393.4165,4423.9698,14980023500,344672707728.0,-1.460473,000300
2022-07-07,sh.000300,4425.2814,4457.3431,4391.1938,4443.4736,13266090600,328133133656.5,0.440866,000300
2022-07-08,sh.000300,4468.0627,4479.4937,4426.8856,4428.781,12319573900,304031107302.5,-0.330656,000300
2022-07-11,sh.000300,4406.1476,4406.1476,4330.5819,4354.6167,13444857800,299195233430.3,-1.674598,000300
2022-07-12,sh.000300,4352.6456,4370.3411,4296.6215,4313.6184,13018783800,291072311850.2,-0.94149,000300
2022-07-13,sh.000300,4313.3589,4341.4663,4284.9419,4321.4617,13111317900,286075545406.5,0.181826,000300
2022-07-14,sh.000300,4308.8229,4352.0978,4292.7595,4322.0742,14525092600,301569861036.8,0.014173,000300
2022-07-15,sh.000300,4299.4714,4344.8572,4248.5273,4248.5273,15021445300,316793192669.9,-1.701658,000300
2022-07-18,sh.000300,4262.1539,4300.7777,4217.5064,4292.5858,12260119200,281055128639.5,1.03703,000300
2022-07-19,sh.000300,4288.4441,4288.4441,4238.8238,4269.3401,10380573000,231117731807.1,-0.541531,000300
2022-07-20,sh.000300,4291.2808,4303.3668,4269.9717,4283.8027,9449014400,212301881407.6,0.338755,000300
2022-07-21,sh.000300,4270.3624,4283.1471,4236.0499,4236.0578,11715634400,239228146811.6,-1.114545,000300
2022-07-22,sh.000300,4251.7867,4275.4696,4207.3135,4238.2341,10384062400,224295333457.3,0.051376,000300
2022-07-25,sh.000300,4233.9277,4234.8448,4201.919,4212.6441,8363666400,188136426672.8,-0.603789,000300
2022-07-26,sh.000300,4220.0911,4259.9854,4214.5343,4245.9758,8582327400,197601406373.7,0.79123,000300
2022-07-27,sh.000300,4236.154,4242.0951,4217.2809,4225.0357,7890494000,194245303807.0,-0.493175,000300
2022-07-28,sh.000300,4242.2743,4267.9181,4223.029,4225.6733,10753193000,243871486472.0,0.015091,000300
2022-07-29,sh.000300,4226.4245,4243.5143,4160.8735,4170.1019,11417928600,253198574647.5,-1.31509,000300
2022-08-01,sh.000300,4160.6478,4196.5743,4129.4528,4188.6784,10774902900,251125308597.5,0.445469,000300
2022-08-02,sh.000300,4144.3765,4144.3765,4071.431,4107.024,14222442500,281013555279.9,-1.949407,000300
2022-08-03,sh.000300,4114.8251,4150.9804,4058.1792,4066.9754,11666612400,268695834765.4,-0.975125,000300
2022-08-04,sh.000300,4089.4419,4108.1591,4064.6594,4101.5367,8953264400,216898674902.2,0.849804,000300
2022-08-05,sh.000300,4109.6287,4159.485,4097.8625,4156.9111,10257100400,247325902015.1,1.350089,000300
2022-08-08,sh.000300,4142.1111,4155.7301,4135.0809,4148.0746,9020813800,224080812054.7,-0.212574,000300
2022-08-09,sh.000300,4143.666,4161.8086,4131.4252,4156.2907,8413695900,214223692260.1,0.19807,000300
2022-08-10,sh.000300,4149.2071,4160.7871,4092.5455,4109.7373,8556583900,217447368470.0,-1.120071,000300
2022-08-11,sh.000300,4130.741,4193.8115,4116.0558,4193.5428,12138505100,269630998406.8,2.039194,000300
2022-08-12,sh.000300,4185.4203,4202.4663,4175.0501,4191.152,10680829500,219208055254.9,-0.057011,000300
2022-08-15,sh.000300,4180.0006,4219.9183,4174.3,4185.6794,10589849500,245539800985.4,-0.130575,000300
2022-08-16,sh.000300,4190.5269,4208.8006,4170.5197,4177.837,9390613900,233818584731.5,-0.187363,000300
2022-08-17,sh.000300,4182.5668,4222.7866,4155.1734,4216.9586,11286465900,252044325051.7,0.936408,000300
2022-08-18,sh.000300,4205.7851,4211.9141,4173.541,4180.0996,10105265000,233115491389.8,-0.874066,000300
2022-08-19,sh.000300,4174.5458,4185.6579,4151.0738,4151.0738,11740297800,262494128152.3,-0.694381,000300
2022-08-22,sh.000300,4135.1623,4183.6498,4134.2008,4181.3965,11244272000,259747163698.2,0.730478,000300
2022-08-23,sh.000300,4175.5314,4187.3875,4147.4127,4161.0823,10315351200,239101330833.1,-0.485823,000300
2022-08-24,sh.000300,4168.5764,4174.1565,4079.0934,4082.4195,11906967900,262844309316.1,-1.890441,000300
2022-08-25,sh.000300,4093.2949,4119.6196,4058.7454,4116.2396,11132074500,242149581477.5,0.828433,000300
2022-08-26,sh.000300,4127.8142,4139.7879,4102.6818,4107.5455,9900049300,225519196800.4,-0.211215,000300
2022-08-29,sh.000300,4063.8825,4092.9474,4059.5963,4089.5205,9435443200,203086114712.3,-0.438827,000300
2022-08-30,sh.000300,4088.5262,4093.1356,4048.5244,4075.7937,9330166200,192649001277.8,-0.335658,000300
2022-08-31,sh.000300,4057.1443,4112.8485,4046.6225,4078.8402,13244976500,292974665546.2,0.074746,000300
2022-09-01,sh.000300,4066.1869,4090.8852,4041.1281,4043.7395,9738707100,210898503453.9,-0.860556,000300
2022-09-02,sh.000300,4054.8423,4056.1805,4004.911,4023.6131,8678927800,184468327005.7,-0.497718,000300
2022-09-05,sh.000300,4010.4052,4016.9986,3982.7395,4015.4264,9376710900,201118696559.4,-0.203466,000300
2022-09-06,sh.000300,4024.4726,4054.004,4009.5826,4052.2802,11350626500,235921838118.4,0.917805,000300
2022-09-07,sh.000300,4032.7231,4067.5437,4028.374,4054.983,10767805900,215147152182.0,0.066698,000300
2022-09-08,sh.000300,4059.1689,4067.758,4036.0226,4037.6839,10088604900,186889047980.8,-0.426613,000300
2022-09-09,sh.000300,4050.5853,4099.0081,4042.2498,4093.7874,11842711400,221442547204.1,1.389497,000300
2022-09-13,sh.000300,4112.0123,4128.1113,4097.1408,4111.1145,11178973700,218521062135.8,0.423254,000300
2022-09-14,sh.000300,4058.0441,4089.0583,4047.9187,4065.359,9079368100,185484965110.5,-1.112971,000300
2022-09-15,sh.000300,4078.6495,4088.8078,3998.8564,4027.1186,12395119600,254367492776.0,-0.94064,000300
2022-09-16,sh.000300,4013.5829,4019.4104,3932.6826,3932.6826,13719365500,241251840050.3,-2.345002,000300
2022-09-19,sh.000300,3928.4239,3953.6494,3910.3106,3928.0001,9771957500,183574440581.8,-0.119066,000300
2022-09-20,sh.000300,3945.6467,3957.5538,3921.6884,3932.8361,8482413400,179248153537.9,0.123116,000300
2022-09-21,sh.000300,3921.3177,3924.3914,3884.2268,3903.7348,8645839100,168939074342.6,-0.739957,000300
2022-09-22,sh.000300,3875.1771,3900.2736,3860.2308,3869.344,8094691900,161134102784.4,-0.880972,000300
2022-09-23,sh.000300,3865.1049,3888.3958,3829.6913,3856.0212,9434246200,172904807364.4,-0.344317,000300
2022-09-26,sh.000300,3829.5958,3893.3186,3827.9498,3836.6773,10452603100,192906200253.8,-0.501654,000300
2022-09-27,sh.000300,3844.0692,3893.0283,3827.9265,3892.295,8886016000,185955247353.4,1.449632,000300
2022-09-28,sh.000300,3879.4398,3879.4398,3828.0545,3828.7098,8659221300,172438042788.2,-1.633617,000300
2022-09-29,sh.000300,3864.316,3873.1823,3808.6496,3827.1434,8565414200,171635940007.5,-0.040912,000300
2022-09-30,sh.000300,3833.3504,3848.6018,3801.2798,3804.8853,7855996600,158692748773.3,-0.581585,000300
2022-10-10,sh.000300,3806.5596,3807.4574,3715.7142,3720.9365,10264759500,194635904094.3,-2.206342,000300
2022-10-11,sh.000300,3732.0191,3739.8084,3706.0629,3727.6867,8394462500,166800394853.2,0.181411,000300
2022-10-12,sh.000300,3722.8659,3784.3064,3661.5255,3784.3064,10808931900,210931362291.5,1.518896,000300
2022-10-13,sh.000300,3756.4176,3783.596,3749.6393,3752.6729,9901891500,198368891548.5,-0.835913,000300
2022-10-14,sh.000300,3783.316,3863.2265,3780.8415,3842.4698,11624229300,256551271975.0,2.392878,000300
2022-10-17,sh.000300,3822.2428,3849.6207,3809.1196,3846.4119,10419201900,220488874406.8,0.102593,000300
2022-10-18,sh.000300,3865.8258,3870.2155,3831.1723,3838.2667,8834690700,186556295765.5,-0.211761,000300
2022-10-19,sh.000300,3827.4658,3840.487,3776.5335,3776.5335,8157484400,186736408229.7,-1.608361,000300
2022-10-20,sh.000300,3746.5793,3804.2468,3726.7925,3754.9269,9029089500,203781618922.2,-0.572128,000300
2022-10-21,sh.000300,3753.8903,3768.6895,3724.69,3742.8929,9875003800,180686357677.0,-0.320486,000300
2022-10-24,sh.000300,3727.915,3762.158,3619.9876,3633.3733,13005686400,259450743134.0,-2.926068,000300
2022-10-25,sh.000300,3621.9356,3670.7327,3594.7011,3627.4542,11095388200,219302759596.7,-0.162909,000300
2022-10-26,sh.000300,3633.3107,3700.8797,3633.3107,3656.9027,12130154800,242453810571.9,0.811823,000300
2022-10-27,sh.000300,3667.6645,3685.0837,3631.0639,3631.1448,11799867500,257473315676.0,-0.704364,000300
2022-10-28,sh.000300,3605.1598,3618.864,3533.4993,3541.3295,11877216200,245816451977.6,-2.473471,000300
2022-10-31,sh.000300,3504.507,3553.3871,3495.9509,3508.7034,13846565500,256574822102.2,-0.921295,000300
2022-11-01,sh.000300,3519.8174,3634.1732,3517.6209,3634.1732,14928669800,295089928407.3,3.575959,000300
2022-11-02,sh.000300,3620.3693,3703.465,3610.8029,3677.8051,14159291900,291648245712.0,1.2006,000300
2022-11-03,sh.000300,3645.0604,3670.1574,3628.4987,3647.8966,11056603500,215379297964.4,-0.813216,000300
2022-11-04,sh.000300,3646.7709,3782.8823,3646.7709,3767.1746,14973494900,311145477555.0,3.269775,000300
2022-11-07,sh.000300,3754.5227,3792.7942,3746.3715,3775.2971,12982637100,251195699936.5,0.215613,000300
2022-11-08,sh.000300,3773.6612,3779.1156,3723.3415,3749.3251,9901645100,193351324896.7,-0.687946,000300
2022-11-09,sh.000300,3750.7821,3760.4068,3711.268,3714.2704,8943452500,172029529943.6,-0.93496,000300
2022-11-10,sh.000300,3685.8274,3701.5306,3665.0585,3685.6885,10350930200,183155308702.9,-0.769516,000300
2022-11-11,sh.000300,3787.7568,3828.9004,3747.0902,3788.4387,18968558600,344471326267.1,2.787816,000300
2022-11-14,sh.000300,3818.1447,3848.4116,3781.7778,3794.0171,16966504800,315536856084.6,0.147248,000300
2022-11-15,sh.000300,3788.926,3871.6424,3775.4988,3865.9726,15151565000,296268142768.9,1.896552,000300
2022-11-16,sh.000300,3860.811,3877.6781,3829.3126,3834.3899,12061096400,235844588244.6,-0.816941,000300
2022-11-17,sh.000300,3821.2709,3821.7419,3776.5739,3818.664,10594063200,219540811334.9,-0.410128,000300
2022-11-18,sh.000300,3823.8207,3840.3018,3801.5686,3801.5686,11507877700,224276131007.5,-0.44768,000300
2022-11-21,sh.000300,3769.627,3769.8731,3733.9954,3769.1269,9586696600,188230373665.4,-0.853377,000300
2022-11-22,sh.000300,3766.0817,3809.8582,3751.0448,3769.5727,14448633400,203490828432.2,0.011828,000300
2022-11-23,sh.000300,3760.2157,3791.1782,3753.2136,3773.5287,14452791100,201070601177.9,0.104946,000300
2022-11-24,sh.000300,3791.5399,3804.8987,3751.3818,3756.8082,10107344700,160698921546.2,-0.4431,000300
2022-11-25,sh.000300,3751.2822,3790.566,3743.4138,3775.7764,14292971100,191711040706.5,0.504902,000300
2022-11-28,sh.000300,3701.902,3736.0813,3672.1306,3733.2424,12782574800,196305561705.9,-1.126497,000300
2022-11-29,sh.000300,3766.5702,3854.7742,3766.5702,3848.4224,17870139200,289062336430.7,3.085254,000300
2022-11-30,sh.000300,3836.5598,3867.6591,3833.8272,3853.0365,15751140000,250051468093.3,0.119896,000300
2022-12-01,sh.000300,3921.2954,3944.5645,3893.8718,3894.7687,16996458500,306678195716.4,1.083099,000300
2022-12-02,sh.000300,3886.4034,3898.1146,3865.8844,3870.9478,11678635000,201253166362.9,-0.611613,000300
2022-12-05,sh.000300,3907.6375,3947.476,3900.6742,3946.8759,20174722100,296615512326.6,1.961486,000300
2022-12-06,sh.000300,3929.0063,3988.9007,3922.9969,3968.1979,15510832300,275583430840.8,0.540225,000300
2022-12-07,sh.000300,3956.6722,3999.5864,3944.1831,3958.4409,14300135600,255490829027.1,-0.24588,000300
2022-12-08,sh.000300,3953.199,3971.4927,3941.2966,3959.1798,11519998600,198037690481.4,0.018666,000300
2022-12-09,sh.000300,3961.9919,4003.3178,3944.4396,3998.2442,15377495400,268166789656.9,0.986679,000300
2022-12-12,sh.000300,3976.1722,3983.4332,3950.3203,3953.4433,12593536800,227606300936.9,-1.120514,000300
2022-12-13,sh.000300,3953.5482,3964.3957,3939.9795,3945.6813,10099410000,184020700110.0,-0.196335,000300
2022-12-14,sh.000300,3952.7885,3972.7381,3935.7668,3954.8857,9852800600,196175108617.2,0.233278,000300
2022-12-15,sh.000300,3954.672,3963.5002,3926.4997,3951.9885,8886472500,181994889123.4,-0.073256,000300
2022-12-16,sh.000300,3931.2318,3960.4705,3929.4873,3954.227,9317856700,167488442588.9,0.056642,000300
2022-12-19,sh.000300,3952.7707,3966.5679,3878.4367,3893.2207,10691907500,180801387702.4,-1.542812,000300
2022-12-20,sh.000300,3881.2257,3881.2729,3811.4759,3829.0173,8309682200,164046440873.7,-1.649108,000300
2022-12-21,sh.000300,3839.0009,3853.7272,3821.4037,3830.5384,6483921500,123450040359.8,0.039726,000300
2022-12-22,sh.000300,3859.2041,3882.1263,3821.3418,3836.028,8370517300,163970306950.9,0.143311,000300
2022-12-23,sh.000300,3811.6164,3848.3436,3805.9487,3828.2188,6527814800,130559415565.7,-0.203575,000300
2022-12-26,sh.000300,3830.5682,3856.8066,3827.5186,3843.4887,7300571200,148692832422.1,0.398877,000300
2022-12-27,sh.000300,3860.9054,3891.8497,3856.58,3887.854,7751535000,152032206630.9,1.154298,000300
2022-12-28,sh.000300,3874.9132,3884.7205,3854.9406,3871.2644,8442465600,160671122030.7,-0.426703,000300
2022-12-29,sh.000300,3854.2363,3868.2933,3838.4803,3856.7007,7939481500,149011372437.3,-0.3762,000300
2022-12-30,sh.000300,3873.9358,3887.5527,3868.7569,3871.6338,7877327200,148295049381.5,0.387199,000300
2023-01-03,sh.000300,3864.8356,3893.9904,3831.245,3887.8992,11505187500,207540165953.2,0.420117,000300
2023-01-04,sh.000300,3886.2504,3905.9032,3873.6549,3892.9477,11066074300,198997711686.0,0.129852,000300
2023-01-05,sh.000300,3913.4928,3974.875,3912.26,3968.5782,11650239500,256312608292.0,1.942757,000300
2023-01-06,sh.000300,3969.5493,4000.4143,3966.4696,3980.8888,11095303800,235744305582.2,0.310202,000300
2023-01-09,sh.000300,3998.5278,4023.0898,3990.7073,4013.1196,11705442500,233212426458.1,0.809638,000300
2023-01-10,sh.000300,4014.7125,4030.4574,4002.2297,4017.4737,10175114100,214871166239.5,0.108497,000300
2023-01-11,sh.000300,4019.8844,4043.3991,4008.0153,4010.0309,9999788900,203000262960.6,-0.185261,000300
2023-01-12,sh.000300,4021.7547,4030.2876,4003.5079,4017.8692,9055262700,183686268106.8,0.195467,000300
2023-01-13,sh.000300,4032.2906,4074.3772,4027.8864,4074.3772,9587189600,212173997498.4,1.406417,000300
2023-01-16,sh.000300,4077.8793,4177.1035,4076.6394,4137.9643,15139545500,319007749371.3,1.560658,000300
2023-01-17,sh.000300,4138.8433,4148.5838,4118.157,4137.2422,9547904000,204381576523.4,-0.017451,000300
2023-01-18,sh.000300,4140.1019,4151.4577,4125.7687,4130.3143,8420064500,172126171819.2,-0.167452,000300
2023-01-19,sh.000300,4125.5772,4156.0077,4105.9797,4156.0077,9460839800,192699589774.1,0.622069,000300
2023-01-20,sh.000300,4166.8444,4189.831,4161.6698,4181.5267,12355380900,222342455100.7,0.614027,000300
2023-01-30,sh.000300,4267.6248,4268.1522,4197.8596,4201.345,16460706400,330193322092.2,0.473949,000300
2023-01-31,sh.000300,4200.5813,4212.7347,4153.0484,4156.8578,12455083500,249365321627.1,-1.05888,000300
2023-02-01,sh.000300,4170.1322,4195.9332,4137.7659,4195.9332,14100895400,265553944709.3,0.940023,000300
2023-02-02,sh.000300,4207.4123,4207.4123,4170.5565,4181.1493,13382373600,262497434837.0,-0.352339,000300
2023-02-03,sh.000300,4162.0258,4162.0258,4103.1654,4141.6319,11704122100,226914770043.9,-0.945132,000300
2023-02-06,sh.000300,4103.8307,4105.9445,4065.2224,4086.8779,11019271700,226345113968.7,-1.322039,000300
2023-02-07,sh.000300,4098.3117,4107.3438,4077.9623,4094.2335,9136007200,183537351577.1,0.179981,000300
2023-02-08,sh.000300,4099.8573,4111.4745,4072.6474,4076.1411,8478609900,170591751817.3,-0.4419,000300
2023-02-09,sh.000300,4067.5631,4130.8565,4064.7489,4130.8565,10228996100,211722604859.2,1.342333,000300
2023-02-10,sh.000300,4124.0986,4125.2893,4092.3472,4106.3097,9671673300,195348320573.4,-0.59423,000300
2023-02-13,sh.000300,4098.8795,4146.45,4092.2729,4143.574,12889257700,251990181553.9,0.907489,000300
2023-02-14,sh.000300,4151.247,4152.0487,4125.2583,4145.2902,10249989000,204915435749.9,0.041418,000300
2023-02-15,sh.000300,4146.8547,4153.7159,4115.9671,4123.6893,12166450800,219855528966.4,-0.521095,000300
2023-02-16,sh.000300,4125.4087,4167.9003,4068.8591,4093.4876,15931058500,281315625588.6,-0.732395,000300
2023-02-17,sh.000300,4086.2237,4104.6398,4032.9285,4034.507,11614258900,225737746955.0,-1.44084,000300
2023-02-20,sh.000300,4039.9623,4134.8623,4035.4762,4133.4896,16179448100,280122962150.4,2.4534,000300
2023-02-21,sh.000300,4130.0632,4151.7994,4116.2716,4144.3536,14577617300,249674201048.2,0.262829,000300
2023-02-22,sh.000300,4118.9669,4134.8759,4101.8596,4106.9506,10429029500,191586158991.2,-0.902505,000300
2023-02-23,sh.000300,4106.2136,4132.3896,4088.2073,4103.6463,10356490600,197193582430.1,-0.080456,000300
2023-02-24,sh.000300,4100.9897,4102.6094,4048.2374,4061.0457,10098942500,191210465053.2,-1.038116,000300
2023-02-27,sh.000300,4040.4571,4067.0296,4034.5237,4043.8444,9378763000,187959491145.3,-0.423568,000300
2023-02-28,sh.000300,4058.1298,4074.2639,4026.4476,4069.4587,11032359100,198799712379.1,0.633415,000300
2023-03-01,sh.000300,4068.7331,4135.4812,4061.2167,4126.9415,15601579400,255374791015.7,1.412542,000300
2023-03-02,sh.000300,4119.9919,4137.2525,4113.8264,4117.7377,14821763700,235953764969.5,-0.223017,000300
2023-03-03,sh.000300,4126.0183,4135.2116,4100.3827,4130.5513,16033174100,226914545628.4,0.311181,000300
2023-03-06,sh.000300,4131.1525,4132.8367,4088.4484,4109.0102,16297180700,283079861971.5,-0.521507,000300
2023-03-07,sh.000300,4103.6419,4124.9609,4046.5679,4048.8519,19591206800,272491994009.2,-1.464058,000300
2023-03-08,sh.000300,4030.7387,4037.287,4011.5231,4034.1077,11793649300,191659655190.9,-0.364158,000300
2023-03-09,sh.000300,4035.8433,4043.8493,4000.8901,4019.8505,11653962900,201737990686.8,-0.353416,000300
2023-03-10,sh.000300,3991.7959,4004.3612,3966.428,3967.1352,12385540900,218286956131.0,-1.311375,000300
2023-03-13,sh.000300,3962.6426,4008.686,3962.6426,4008.686,14356137000,242865516757.6,1.047375,000300
2023-03-14,sh.000300,3999.8803,4001.9415,3946.9405,3984.6956,15054417400,267224848810.5,-0.59846,000300
2023-03-15,sh.000300,4011.8444,4018.7495,3986.902,3986.902,14202600700,232101093978.6,0.055372,000300
2023-03-16,sh.000300,3958.1962,3981.321,3936.4758,3939.1505,15251564400,246264286428.0,-1.197709,000300
2023-03-17,sh.000300,3971.1585,4004.2153,3945.2501,3958.8194,17743381800,305541015556.1,0.499318,000300
2023-03-20,sh.000300,3962.6625,3979.5485,3935.0161,3939.077,20526497000,319760032638.0,-0.498694,000300
2023-03-21,sh.000300,3948.1573,3982.7047,3948.1573,3982.3782,14509067900,251631985016.9,1.099273,000300
2023-03-22,sh.000300,3993.7849,4016.4495,3986.7093,3999.4427,14922897000,265180992104.1,0.4285,000300
2023-03-23,sh.000300,3985.9928,4039.0895,3983.9986,4039.0895,15888742100,296479529467.0,0.991308,000300
2023-03-24,sh.000300,4035.1564,4037.8417,4017.0028,4027.0457,15944233000,295785588943.1,-0.298181,000300
2023-03-27,sh.000300,4023.3028,4023.3028,3987.0297,4012.4771,16848227900,315474696948.0,-0.361769,000300
2023-03-28,sh.000300,4015.6973,4023.7834,3994.5999,3999.5147,13189511700,248736920971.8,-0.323052,000300
2023-03-29,sh.000300,4013.5926,4017.7572,3992.6662,4006.144,13374351000,263866922733.1,0.165753,000300
2023-03-30,sh.000300,4009.5573,4040.5023,3983.8958,4038.5257,14990103700,280004715991.0,0.808301,000300
2023-03-31,sh.000300,4045.4538,4063.5675,4039.9587,4050.9257,13884254600,279863685781.0,0.307043,000300
2023-04-03,sh.000300,4059.6227,4094.9376,4059.0607,4090.5676,18212431300,382895558426.0,0.978589,000300
2023-04-04,sh.000300,4089.2932,4103.1583,4080.0682,4103.1052,19714663100,394443175146.2,0.3065,000300
2023-04-06,sh.000300,4084.132,4098.8332,4078.4048,4096.64,15070337400,328981851588.3,-0.157568,000300
2023-04-07,sh.000300,4096.9009,4131.3126,4092.1848,4123.2799,12867673800,286567771883.1,0.650287,000300
2023-04-10,sh.000300,4132.0096,4132.2952,4099.0519,4104.8118,15245300200,340822557207.6,-0.447898,000300
2023-04-11,sh.000300,4108.5062,4116.1247,4083.4946,4100.1479,15390133300,324192951998.7,-0.11362,000300
2023-04-12,sh.000300,4102.3968,4108.2451,4090.2784,4097.2876,16596527800,325425226403.2,-0.069761,000300
2023-04-13,sh.000300,4081.3871,4088.8809,4059.5744,4068.9786,15644429500,300291020752.9,-0.690921,000300
2023-04-14,sh.000300,4078.9703,4098.2151,4075.2049,4091.9988,15069568200,306201501438.7,0.565749,000300
2023-04-17,sh.000300,4090.0719,4149.3836,4089.509,4149.3836,18877309500,341831272792.7,1.402366,000300
2023-04-18,sh.000300,4139.3088,4169.6678,4138.4618,4162.032,17018413000,331545662315.6,0.304826,000300
2023-04-19,sh.000300,4159.3938,4159.3938,4118.6261,4124.5589,16255459200,312219504522.6,-0.900356,000300
2023-04-20,sh.000300,4122.9461,4125.8231,4094.0022,4113.0192,16270667700,332172409512.0,-0.27978,000300
2023-04-21,sh.000300,4114.2642,4114.2642,4031.9123,4032.5672,18080243500,347852011602.5,-1.956033,000300
2023-04-24,sh.000300,4031.303,4033.6367,3967.907,3982.6429,17009921700,328375614674.3,-1.238028,000300
2023-04-25,sh.000300,3985.1055,3991.6868,3925.436,3962.6658,17255540900,331110619767.7,-0.501604,000300
2023-04-26,sh.000300,3950.2553,3975.6562,3934.6625,3959.2323,16270200600,322062811333.5,-0.086646,000300
2023-04-27,sh.000300,3948.0313,3999.1302,3942.8152,3988.4185,15382819500,304804002557.4,0.737168,000300
2023-04-28,sh.000300,3993.2561,4030.4469,3993.2561,4029.0858,17950848800,328936294025.2,1.019635,000300
2023-05-04,sh.000300,4013.4713,4035.7832,4001.1259,4030.2471,22758284600,345492506049.3,0.028823,000300
2023-05-05,sh.000300,4031.0946,4047.6015,3998.392,4016.8774,20662692400,307694489937.0,-0.331734,000300
2023-05-08,sh.000300,4028.1056,4070.7724,4018.9608,4062.6624,25558308500,359539954170.1,1.139816,000300
2023-05-09,sh.000300,4065.439,4092.8501,4026.3886,4027.8754,27930604800,396422120420.6,-0.856261,000300
2023-05-10,sh.000300,4017.9358,4019.0587,3984.6287,3996.8695,20755270900,309484851741.1,-0.769783,000300
2023-05-11,sh.000300,4005.7823,4018.0579,3988.4816,3990.6637,14480461900,241052071431.6,-0.155267,000300
2023-05-12,sh.000300,3987.769,3999.3831,3937.5274,3937.7622,14442172800,228992923388.1,-1.325632,000300
2023-05-15,sh.000300,3938.83,3998.8872,3923.0317,3998.8872,17625736200,279531163508.4,1.552278,000300
2023-05-16,sh.000300,4002.5237,4005.015,3966.9921,3978.2054,13683327100,234840652671.0,-0.517189,000300
2023-05-17,sh.000300,3971.7017,3982.6044,3945.7137,3960.165,11844818500,205195685976.4,-0.453481,000300
2023-05-18,sh.000300,3965.5162,3982.7178,3939.5526,3956.0701,13653394700,229134184412.9,-0.103402,000300
2023-05-19,sh.000300,3946.2215,3967.2816,3928.316,3944.5403,12021247900,207094944781.3,-0.291446,000300
2023-05-22,sh.000300,3941.0015,3985.4031,3935.8015,3969.3277,10911660500,202185550245.9,0.628398,000300
2023-05-23,sh.000300,3968.2346,3971.939,3913.1882,3913.1882,11868507700,189955815340.0,-1.414333,000300
2023-05-24,sh.000300,3903.7818,3903.7818,3859.0935,3859.0935,13725826500,211768410520.2,-1.382369,000300
2023-05-25,sh.000300,3851.4053,3861.3815,3817.8365,3850.4996,12415077000,213313620055.3,-0.222692,000300
2023-05-26,sh.000300,3848.4174,3859.6291,3815.5701,3850.9511,10032643900,191537814872.5,0.011726,000300
2023-05-29,sh.000300,3862.0838,3866.7238,3819.1822,3833.9416,13185996700,230095604813.4,-0.441696,000300
2023-05-30,sh.000300,3827.7924,3844.0052,3789.2736,3837.7531,13761962900,244566265534.9,0.099415,000300
2023-05-31,sh.000300,3827.1634,3827.1634,3781.4034,3798.5434,12638736800,235606123947.6,-1.021684,000300
2023-06-01,sh.000300,3788.5902,3832.2051,3786.7344,3806.8679,13456188100,241829546409.4,0.21915,000300
2023-06-02,sh.000300,3821.6198,3865.2843,3821.6198,3861.8337,12501511000,232696547130.8,1.443859,000300
2023-06-05,sh.000300,3860.5557,3860.5557,3832.4578,3844.2492,11616398900,211144360143.7,-0.455341,000300
2023-06-06,sh.000300,3840.4587,3867.8452,3802.8449,3808.1629,12578125800,222091722592.2,-0.938709,000300
2023-06-07,sh.000300,3815.4823,3823.1124,3780.1021,3789.3418,9886243200,189879792179.6,-0.49423,000300
2023-06-08,sh.000300,3791.0826,3834.3888,3777.7752,3820.1867,11870093400,199119300649.7,0.813991,000300
2023-06-09,sh.000300,3822.4088,3836.7026,3811.2189,3836.7026,13431986300,247296087070.9,0.432332,000300
2023-06-12,sh.000300,3827.3253,3859.7156,3813.8577,3844.4324,12675854300,240791270473.5,0.20147,000300
2023-06-13,sh.000300,3838.1287,3867.3034,3833.4598,3864.9074,11092494600,225435215314.9,0.532588,000300
2023-06-14,sh.000300,3872.7155,3891.6656,3862.0609,3864.0247,12495575900,243932581183.9,-0.022839,000300
2023-06-15,sh.000300,3871.7746,3925.4994,3871.7746,3925.4994,12836993800,282635910894.2,1.59095,000300
2023-06-16,sh.000300,3932.2114,3968.0128,3928.5419,3963.3509,13976007600,280374762837.8,0.964247,000300
2023-06-19,sh.000300,3957.0327,3957.0327,3922.4742,3930.9079,13490584800,268213068579.8,-0.818575,000300
2023-06-20,sh.000300,3926.094,3937.4945,3918.473,3924.2377,12252031800,266274081286.8,-0.169686,000300
2023-06-21,sh.000300,3909.1044,3920.1276,3864.0323,3864.0323,11834657500,243630705591.5,-1.534194,000300
2023-06-26,sh.000300,3833.4436,3841.2862,3801.0537,3809.6962,13399041900,247713845779.5,-1.406202,000300
2023-06-27,sh.000300,3811.6872,3851.8957,3806.3242,3845.4334,11699268100,210097713687.6,0.938059,000300
2023-06-28,sh.000300,3836.6086,3846.8516,3808.1607,3840.7986,10702154100,206187959876.8,-0.120527,000300
2023-06-29,sh.000300,3836.7305,3840.7132,3817.3759,3821.8435,9828927400,204110031407.8,-0.49352,000300
2023-06-30,sh.000300,3816.3345,3860.0311,3813.552,3842.4516,10126842900,208146272909.0,0.539219,000300
2023-07-03,sh.000300,3853.2919,3897.3273,3853.2919,3892.8821,13315805100,256876520211.7,1.312456,000300
2023-07-04,sh.000300,3888.0328,3899.9755,3878.3978,3899.0133,10949452700,216335611421.8,0.157498,000300
2023-07-05,sh.000300,3895.1945,3899.5188,3864.1301,3868.8054,9763638400,188400265050.6,-0.774758,000300
2023-07-06,sh.000300,3857.0304,3876.8901,3836.4573,3842.7547,10012184200,184742420862.3,-0.673353,000300
2023-07-07,sh.000300,3831.5955,3844.8438,3819.0772,3825.6988,10090692000,173918560673.0,-0.443846,000300
2023-07-10,sh.000300,3841.5591,3865.4566,3831.92,3844.3269,9203344100,185360813110.7,0.48692,000300
2023-07-11,sh.000300,3853.7955,3870.6549,3844.5244,3869.4861,8651071600,177585694368.3,0.65445,000300
2023-07-12,sh.000300,3864.6013,3874.0403,3838.5632,3843.4369,11152202400,214046519056.1,-0.673195,000300
2023-07-13,sh.000300,3855.662,3901.1023,3855.662,3898.4229,12030023200,235278706834.5,1.430647,000300
2023-07-14,sh.000300,3904.6033,3908.4871,3893.7862,3899.1027,12236484600,220230466522.9,0.017438,000300
2023-07-17,sh.000300,3881.6225,3881.6225,3852.2626,3867.1749,9834014400,174623552807.4,-0.81885,000300
2023-07-18,sh.000300,3871.0444,3871.0444,3844.5129,3854.9393,9143861500,167104315117.1,-0.316396,000300
2023-07-19,sh.000300,3848.4826,3860.0092,3830.4073,3850.8663,7958570000,151311481029.8,-0.105657,000300
2023-07-20,sh.000300,3857.7725,3875.6241,3818.7134,3823.6946,9204207600,174320872139.8,-0.7056,000300
2023-07-21,sh.000300,3816.9835,3849.5109,3808.803,3821.91,7950756300,157144211209.3,-0.046672,000300
2023-07-24,sh.000300,3803.3492,3828.7853,3798.8048,3805.221,7548354500,151448369566.2,-0.436666,000300
2023-07-25,sh.000300,3866.6445,3915.8148,3866.6445,3915.1153,16306632000,299853562168.1,2.887987,000300
2023-07-26,sh.000300,3908.174,3912.9834,3893.3987,3907.0128,10788171700,192912604792.0,-0.206954,000300
2023-07-27,sh.000300,3914.2298,3935.3578,3894.6923,3902.3458,11066710900,196845425513.0,-0.119452,000300
2023-07-28,sh.000300,3889.7929,4000.919,3886.5535,3992.7376,17973548100,310092467404.5,2.316345,000300
2023-07-31,sh.000300,4018.8895,4064.3621,4002.0784,4014.6301,19960683000,366544120003.6,0.548308,000300
2023-08-01,sh.000300,4009.1831,4031.7008,3983.0273,3998.001,14228685900,255620773637.6,-0.414213,000300
2023-08-02,sh.000300,3985.6951,4008.3343,3958.5127,3969.895,12585569000,204875690923.8,-0.703001,000300
2023-08-03,sh.000300,3962.1296,4004.9996,3962.1296,4004.9839,12900664000,224809824820.3,0.883875,000300
2023-08-04,sh.000300,4033.7239,4058.2431,4011.6202,4020.5792,17826718900,316529733837.7,0.389397,000300
2023-08-07,sh.000300,4002.9677,4002.9677,3977.0173,3990.1531,12131066200,227090572750.9,-0.756759,000300
2023-08-08,sh.000300,3980.0423,4002.2904,3963.4632,3979.7322,10987169900,202611335313.8,-0.261165,000300
2023-08-09,sh.000300,3967.3566,3982.1091,3961.8434,3967.5652,9464026900,174394242765.3,-0.305724,000300
2023-08-10,sh.000300,3962.8569,3976.4637,3945.3869,3975.7166,9717684900,175646730198.2,0.205451,000300
2023-08-11,sh.000300,3977.9834,3977.9834,3884.2538,3884.2538,12608293100,203546314647.4,-2.300536,000300
2023-08-14,sh.000300,3840.8872,3859.4718,3814.0711,3855.9061,11596633600,197623765246.4,-0.729811,000300
2023-08-15,sh.000300,3858.3662,3865.284,3811.6839,3846.5357,10309711100,177437071692.5,-0.243014,000300
2023-08-16,sh.000300,3830.8274,3852.4198,3817.6324,3818.3338,9461694600,169323869027.6,-0.733177,000300
2023-08-17,sh.000300,3801.1969,3836.1507,3782.4967,3831.1008,9841549300,174093848242.9,0.334361,000300
2023-08-18,sh.000300,3832.4554,3844.195,3784.0038,3784.0038,9554963800,168445686988.2,-1.229333,000300
2023-08-21,sh.000300,3773.225,3782.1112,3729.555,3729.555,9870836900,173379942906.6,-1.43892,000300
2023-08-22,sh.000300,3748.0675,3770.0556,3704.6785,3758.2271,12031832700,203463879671.8,0.768781,000300
2023-08-23,sh.000300,3751.7736,3756.1659,3695.0309,3696.6339,9708163800,160476231586.9,-1.63889,000300
2023-08-24,sh.000300,3711.5403,3748.8567,3701.5717,3723.4293,11961452100,196257391083.7,0.724859,000300
2023-08-25,sh.000300,3703.5136,3734.2185,3695.8442,3709.1517,10518261000,175601437172.9,-0.383453,000300
2023-08-28,sh.000300,3911.5485,3911.5485,3740.5279,3752.6194,19799037900,335047670966.8,1.171904,000300
2023-08-29,sh.000300,3743.0534,3810.3772,3742.0758,3790.1067,15248614600,262134936751.0,0.998964,000300
2023-08-30,sh.000300,3803.1191,3813.7032,3780.2411,3788.5097,12967166100,226727480838.7,-0.042136,000300
2023-08-31,sh.000300,3786.9261,3793.9972,3762.0046,3765.2678,11896164600,193577001342.0,-0.613484,000300
2023-09-01,sh.000300,3778.9129,3808.5306,3778.9129,3791.4912,10531904500,172219141586.1,0.696455,000300
2023-09-04,sh.000300,3812.9873,3854.2605,3804.5886,3848.9517,14238520100,237934727924.3,1.515512,000300
2023-09-05,sh.000300,3839.5779,3839.5779,3814.3338,3820.3174,10405233300,181377877955.3,-0.743951,000300
2023-09-06,sh.000300,3808.1,3817.5239,3790.8949,3812.0283,9344239300,166081524007.0,-0.216974,000300
2023-09-07,sh.000300,3802.2272,3802.2272,3756.853,3758.4748,9510390300,164405748827.5,-1.404856,000300
2023-09-08,sh.000300,3747.6509,3753.263,3724.987,3739.9927,7163816600,129197657303.1,-0.491745,000300
2023-09-11,sh.000300,3740.5846,3788.3219,3734.7228,3767.537,10535801600,186871759441.3,0.73648,000300
2023-09-12,sh.000300,3764.3331,3775.093,3755.4162,3760.6048,7938537800,140117510233.3,-0.183998,000300
2023-09-13,sh.000300,3759.6091,3768.8162,3719.1114,3736.6513,8157690100,138238089912.5,-0.636959,000300
2023-09-14,sh.000300,3736.9355,3748.8177,3717.3107,3733.5077,10038607500,151578100463.9,-0.084129,000300
2023-09-15,sh.000300,3740.7853,3749.0247,3699.3806,3708.7766,10939568900,180398970938.3,-0.662409,000300
2023-09-18,sh.000300,3698.9344,3737.5306,3691.1107,3727.711,8672774100,156966973910.5,0.51053,000300
2023-09-19,sh.000300,3723.4244,3724.0717,3702.6934,3720.5021,8319903800,135216895229.4,-0.193387,000300
2023-09-20,sh.000300,3715.9578,3718.5207,3705.1274,3705.6898,7544820900,117691805957.0,-0.398126,000300
2023-09-21,sh.000300,3698.313,3708.4557,3672.4448,3672.4448,8303100500,135011796555.2,-0.897134,000300
2023-09-22,sh.000300,3672.6402,3740.4183,3664.7661,3738.9327,11023116600,192236467362.8,1.810453,000300
2023-09-25,sh.000300,3738.0622,3738.0622,3711.2049,3714.6037,9259647900,155793827361.5,-0.650694,000300
2023-09-26,sh.000300,3711.7106,3723.8481,3692.6172,3692.8928,7804452500,137808437774.8,-0.584474,000300
2023-09-27,sh.000300,3694.9607,3731.1405,3694.3938,3700.495,9162921000,164790435265.8,0.20586,000300
2023-09-28,sh.000300,3711.2117,3716.0569,3685.3001,3689.5172,8522171900,153500421344.0,-0.296658,000300
2023-10-09,sh.000300,3678.929,3694.1713,3641.9966,3684.7272,10214805800,178072374748.1,-0.129827,000300
2023-10-10,sh.000300,3696.2542,3701.2562,3655.589,3657.1259,9916373000,161938958924.8,-0.749073,000300
2023-10-11,sh.000300,3674.7514,3689.5347,3658.355,3667.5483,10209158700,187667554127.0,0.284989,000300
2023-10-12,sh.000300,3697.9337,3711.4985,3682.8418,3702.3824,11436322500,194598219817.3,0.949793,000300
2023-10-13,sh.000300,3677.9585,3678.1913,3652.3094,3663.4104,9828798700,170152309003.0,-1.05262,000300
2023-10-16,sh.000300,3664.039,3664.039,3615.7686,3626.5972,9185311800,159537973598.4,-1.004889,000300
2023-10-17,sh.000300,3635.2994,3645.5654,3619.1277,3639.4018,9074518800,147056233347.4,0.353075,000300
2023-10-18,sh.000300,3631.0671,3632.0579,3608.9768,3610.5767,9454587900,158982356667.4,-0.792029,000300
2023-10-19,sh.000300,3588.5154,3588.5154,3532.3059,3533.5445,11173752000,189194781843.9,-2.133515,000300
2023-10-20,sh.000300,3518.3464,3535.6623,3501.725,3510.5889,9851860500,169591289145.3,-0.649648,000300
2023-10-23,sh.000300,3500.199,3505.3468,3450.6456,3474.2438,9656165200,152054894179.0,-1.035299,000300
2023-10-24,sh.000300,3481.7644,3495.0039,3453.1016,3487.1302,11554728900,186529203442.0,0.370912,000300
2023-10-25,sh.000300,3524.2965,3531.8314,3500.9154,3504.4576,12800961700,203691741119.2,0.496896,000300
2023-10-26,sh.000300,3484.7807,3515.5716,3478.0503,3514.1448,10514356600,176088467225.8,0.276425,000300
2023-10-27,sh.000300,3501.171,3576.5861,3494.5488,3562.3851,12022510800,224301960437.0,1.372747,000300
2023-10-30,sh.000300,3554.1055,3592.7188,3554.0238,3583.7718,14401042600,242973328094.4,0.600348,000300
2023-10-31,sh.000300,3581.6759,3581.6759,3554.5822,3572.5056,11258726700,196317658324.1,-0.314367,000300
2023-11-01,sh.000300,3605.7576,3606.4126,3564.6421,3571.0268,9764553800,182943566435.3,-0.041394,000300
2023-11-02,sh.000300,3580.0672,3597.1699,3553.7406,3554.1889,9035964300,149465055433.9,-0.471514,000300
2023-11-03,sh.000300,3558.5303,3596.101,3558.5303,3584.1364,9754210100,165865989200.0,0.842597,000300
2023-11-06,sh.000300,3608.3187,3635.7897,3600.6304,3632.6084,15298246300,254465948110.4,1.352404,000300
2023-11-07,sh.000300,3623.7849,3628.4615,3606.2975,3619.7593,11028859100,190433605311.0,-0.353716,000300
2023-11-08,sh.000300,3610.6434,3627.0479,3591.8248,3611.0723,11059423000,192594372352.5,-0.239988,000300
2023-11-09,sh.000300,3603.1082,3624.4141,3601.3744,3612.8263,11187205700,189355228591.7,0.048573,000300
2023-11-10,sh.000300,3596.0688,3599.4519,3576.1011,3586.4893,10210703400,166924677328.0,-0.728986,000300
2023-11-13,sh.000300,3593.9109,3599.3897,3562.7682,3579.4141,9670764900,164821249625.0,-0.197274,000300
2023-11-14,sh.000300,3581.1034,3600.1483,3568.882,3582.0584,10088415800,165935163426.0,0.073875,000300
2023-11-15,sh.000300,3616.8765,3620.6007,3596.9158,3607.2454,10492921800,188932150501.0,0.703143,000300
2023-11-16,sh.000300,3600.9813,3605.2898,3572.3636,3572.3641,8746478000,146629217157.8,-0.966979,000300
2023-11-17,sh.000300,3561.3112,3573.6819,3547.0287,3568.0685,8731920700,139621898705.2,-0.120245,000300
2023-11-20,sh.000300,3569.7314,3586.9731,3545.1038,3576.3233,9108044500,157449634694.0,0.231352,000300
2023-11-21,sh.000300,3587.8779,3615.0569,3575.682,3581.0674,10859431400,175922105929.9,0.132653,000300
2023-11-22,sh.000300,3569.4389,3574.3782,3544.4162,3544.4162,8478438100,136041195538.9,-1.023471,000300
2023-11-23,sh.000300,3541.4416,3562.0675,3529.939,3561.5204,8480016700,141499811491.0,0.482567,000300
2023-11-24,sh.000300,3560.6462,3560.6462,3533.9955,3538.0087,8501840300,140101998555.3,-0.660159,000300
2023-11-27,sh.000300,3534.4445,3534.4445,3492.8623,3511.9424,9910231400,155975437035.7,-0.736751,000300
2023-11-28,sh.000300,3510.6554,3521.0463,3501.1093,3518.5232,8933578900,147740535862.4,0.187383,000300
2023-11-29,sh.000300,3518.8836,3519.198,3482.2444,3488.3073,9884141200,155948235975.9,-0.858767,000300
2023-11-30,sh.000300,3485.5171,3505.1273,3481.4515,3496.2028,10135082000,153790180653.3,0.226342,000300
2023-12-01,sh.000300,3494.2234,3494.2234,3452.1728,3482.8813,10853094100,176078323469.4,-0.381028,000300
2023-12-04,sh.000300,3481.0449,3488.133,3459.611,3460.138,9715682600,164664395292.9,-0.653002,000300
2023-12-05,sh.000300,3450.0898,3450.0898,3393.8139,3394.2571,10047200700,164840691112.1,-1.903996,000300
2023-12-06,sh.000300,3387.8798,3420.2773,3382.9457,3399.598,10580551900,172142987724.9,0.157351,000300
2023-12-07,sh.000300,3394.3064,3404.4074,3369.7675,3391.2823,9771324800,160949948197.3,-0.244608,000300
2023-12-08,sh.000300,3391.8585,3409.3845,3383.4479,3399.4618,12952205400,203034222561.1,0.241192,000300
2023-12-11,sh.000300,3378.0517,3426.6106,3346.8902,3419.4548,13962624900,219761181423.1,0.588123,000300
2023-12-12,sh.000300,3409.9976,3427.5456,3406.1013,3426.803,10559001300,166979964779.7,0.214894,000300
2023-12-13,sh.000300,3418.6413,3418.6413,3369.605,3369.605,9528536700,165455928375.6,-1.669136,000300
2023-12-14,sh.000300,3387.3847,3399.1394,3350.7648,3351.9639,8365513500,150245775736.4,-0.523536,000300
2023-12-15,sh.000300,3365.9388,3388.5047,3339.519,3341.5517,9778778300,164907019372.1,-0.31063,000300
2023-12-18,sh.000300,3329.191,3352.3458,3314.9095,3329.3657,9052682600,142303319418.9,-0.364681,000300
2023-12-19,sh.000300,3325.6596,3345.7795,3313.1874,3334.0412,8380811800,135293655396.1,0.140432,000300
2023-12-20,sh.000300,3334.332,3338.5434,3297.3652,3297.5022,9241286800,141290542802.3,-1.095937,000300
2023-12-21,sh.000300,3285.6049,3339.3552,3283.9883,3330.8698,10254619800,171120780579.5,1.011905,000300
2023-12-22,sh.000300,3329.4668,3359.0601,3315.8976,3337.2281,10522013300,167336342309.2,0.19089,000300
2023-12-25,sh.000300,3330.3333,3348.882,3330.3333,3347.4508,7454269300,121838327071.1,0.306323,000300
2023-12-26,sh.000300,3345.3952,3345.4171,3315.937,3324.7902,7473293500,121689997434.6,-0.676951,000300
2023-12-27,sh.000300,3326.9267,3341.2659,3309.6731,3336.3572,9440392800,140924923674.8,0.347902,000300
2023-12-28,sh.000300,3335.5572,3423.4018,3331.2082,3414.5403,14806485100,245855634464.3,2.343367,000300
2023-12-29,sh.000300,3411.1094,3432.5412,3409.5795,3431.1099,11492893200,193573180515.1,0.485266,000300
